Predictor variable,Categorical,Sample average
Forest_Productivity,true,13.0
Forest_Type,true,31.0
bio10_16,false,132.88159718232995
bio12_16,false,997.181988884421
bio15_16,false,26.41245875639074
moose2015,false,46.632303686702954
red_deer2015,false,2.8165246949476352
roe_deer2015,false,16.011068119722253
