Predictor variable,Categorical,Sample average
Forest_Productivity,true,13.0
Forest_Type,true,31.0
bio10_16,false,118.81664830988103
bio12_16,false,628.1423783735795
bio15_16,false,35.22817594354803
moose2015,false,32.19270472093062
red_deer2015,false,6.320677280426025
roe_deer2015,false,2.7051962072199043
