Predictor variable,Categorical,Sample average
Forest_Productivity,true,13.0
Forest_Type,true,31.0
bio10_16,false,119.00113261829723
bio12_16,false,628.5477017489346
bio15_16,false,35.09325981140137
moose2015,false,32.210950417952105
red_deer2015,false,6.351416457783092
roe_deer2015,false,2.594362670725042
