Predictor variable,Categorical,Sample average
Forest_Productivity,true,13.0
Forest_Type,true,31.0
bio10_16,false,120.58217433049128
bio12_16,false,909.2415686974159
bio15_16,false,28.174567178579476
moose2015,false,26.16720283948458
red_deer2015,false,8.340165666433482
roe_deer2015,false,5.117487353544969
