Predictor variable,Categorical,Sample average
Forest_Productivity,true,13.0
Forest_Type,true,31.0
bio10_16,false,119.32698549543109
bio12_16,false,705.562634059361
bio15_16,false,32.83202617509024
moose2015,false,31.471667638846807
red_deer2015,false,2.912558065993445
roe_deer2015,false,5.907522762460368
