Predictor variable,Categorical,Sample average
Forest_Productivity,true,13.0
Forest_Type,true,31.0
bio10_16,false,120.93822070530483
bio12_16,false,739.2738315037319
bio15_16,false,32.5108334336962
moose2015,false,31.797358164829866
red_deer2015,false,3.9018302921737944
roe_deer2015,false,6.32451631980283
