Predictor variable,Categorical,Sample average
Forest_Productivity,true,13.0
Forest_Type,true,31.0
bio10_16,false,117.52878407069615
bio12_16,false,724.0065650939941
bio15_16,false,31.532041719981603
moose2015,false,30.090937662337506
red_deer2015,false,2.9720632476466045
roe_deer2015,false,5.396950601467064
