Predictor variable,Categorical,Sample average
Forest_Productivity,true,13.0
Forest_Type,true,31.0
bio10_16,false,119.25569152832031
bio12_16,false,888.8886969150641
bio15_16,false,30.148724776047928
moose2015,false,35.92146638876353
red_deer2015,false,3.8185520904759565
roe_deer2015,false,5.460193490370726
