Predictor variable,Categorical,Sample average
Forest_Productivity,true,13.0
Forest_Type,true,31.0
bio10_16,false,120.134093944843
bio12_16,false,894.4409539638422
bio15_16,false,30.054327744704025
moose2015,false,34.970088532337776
red_deer2015,false,3.9223863343015695
roe_deer2015,false,5.839862464330135
