Predictor variable,Categorical,Sample average
Forest_Productivity,true,13.0
Forest_Type,true,31.0
bio10_16,false,116.95872581005096
bio12_16,false,833.1665180524191
bio15_16,false,31.21336008111636
moose2015,false,24.964075380781043
red_deer2015,false,7.769118711934425
roe_deer2015,false,4.351781236939132
