Predictor variable,Categorical,Sample average
Forest_Productivity,true,13.0
Forest_Type,true,31.0
bio10_16,false,122.7970118522644
bio12_16,false,1609.1460494995117
bio15_16,false,24.939408779144287
moose2015,false,36.16446554660797
red_deer2015,false,3.7128683887422085
roe_deer2015,false,3.292049467563629
