Predictor variable,Categorical,Sample average
Forest_Productivity,true,13.0
Forest_Type,true,31.0
bio10_16,false,122.10901403427124
bio12_16,false,1740.3612823486328
bio15_16,false,25.03895390033722
moose2015,false,37.211852848529816
red_deer2015,false,3.182554162107408
roe_deer2015,false,2.088847815990448
