Predictor variable,Categorical,Sample average
Forest_Productivity,true,13.0
Forest_Type,true,31.0
bio10_16,false,115.90386176831794
bio12_16,false,968.7187509247751
bio15_16,false,27.329914902195785
moose2015,false,23.267992093707576
red_deer2015,false,4.819034874890789
roe_deer2015,false,5.038612188714923
