Predictor variable,Categorical,Sample average
Forest_Productivity,true,13.0
Forest_Type,true,31.0
bio10_16,false,118.16182731859612
bio12_16,false,966.0575062144886
bio15_16,false,27.746672717007723
moose2015,false,22.95000399423368
red_deer2015,false,5.201060115387945
roe_deer2015,false,6.837222236575502
