Predictor variable,Categorical,Sample average
Forest_Productivity,true,13.0
Forest_Type,true,31.0
bio10_16,false,117.36888885498047
bio12_16,false,713.5346300078602
bio15_16,false,33.71321154803765
moose2015,false,36.5556544348961
red_deer2015,false,6.596036482148055
roe_deer2015,false,4.585303021640312
