Predictor variable,Categorical,Sample average
Forest_Productivity,true,13.0
Forest_Type,true,31.0
bio10_16,false,118.18160322235852
bio12_16,false,716.9731713271723
bio15_16,false,33.465292837561634
moose2015,false,35.87343969795762
red_deer2015,false,6.600223522360732
roe_deer2015,false,4.831216464682323
