Predictor variable,Categorical,Sample average
Forest_Productivity,true,13.0
Forest_Type,true,31.0
bio10_16,false,117.45861425632384
bio12_16,false,709.8736520162443
bio15_16,false,33.65851637212241
moose2015,false,34.836944745081226
red_deer2015,false,6.57048692499719
roe_deer2015,false,3.944945397900372
