Predictor variable,Categorical,Sample average
Forest_Productivity,true,13.0
Forest_Type,true,31.0
bio10_16,false,116.76940475275487
bio12_16,false,723.1655891324267
bio15_16,false,33.428784288006064
moose2015,false,35.66863248120119
red_deer2015,false,6.655957479535798
roe_deer2015,false,4.468875898255242
