Predictor variable,Categorical,Sample average
Forest_Productivity,true,18.0
Forest_Type,true,31.0
bio10_16,false,131.32271634615384
bio12_16,false,1986.4256873497595
bio15_16,false,31.96821168752817
moose2015,false,2.0997306612821727
red_deer2015,false,98.12410648052509
roe_deer2015,false,6.497875653780424
