Predictor variable,Categorical,Sample average
Forest_Productivity,true,13.0
Forest_Type,true,31.0
bio10_16,false,121.47783497401646
bio12_16,false,1453.30712890625
bio15_16,false,24.090991020202637
moose2015,false,46.65201377868652
red_deer2015,false,4.8233790543994735
roe_deer2015,false,9.381969145366124
