Predictor variable,Categorical,Sample average
Forest_Productivity,true,13.0
Forest_Type,true,31.0
bio10_16,false,122.56247792925153
bio12_16,false,1533.0725315638952
bio15_16,false,24.32398203441075
moose2015,false,44.88776496478489
red_deer2015,false,5.181342122544136
roe_deer2015,false,8.115345137459892
