Predictor variable,Categorical,Sample average
Forest_Productivity,true,13.0
Forest_Type,true,31.0
bio10_16,false,121.47350256783622
bio12_16,false,1463.0948660714287
bio15_16,false,24.16624573298863
moose2015,false,47.231579950877595
red_deer2015,false,7.514649082241314
roe_deer2015,false,8.901581559862409
