Predictor variable,Categorical,Sample average
Forest_Productivity,true,13.0
Forest_Type,true,31.0
bio10_16,false,127.61081441243489
bio12_16,false,1779.3814697265625
bio15_16,false,24.888816197713215
moose2015,false,43.43858337402344
red_deer2015,false,0.0
roe_deer2015,false,4.049319267272949
