Predictor variable,Categorical,Sample average
Forest_Productivity,true,13.0
Forest_Type,true,31.0
bio10_16,false,118.62697504216975
bio12_16,false,685.8315340909091
bio15_16,false,33.23631803339178
moose2015,false,24.66254852468317
red_deer2015,false,8.04283066662875
roe_deer2015,false,2.8101552789861506
