Predictor variable,Categorical,Sample average
Forest_Productivity,true,13.0
Forest_Type,true,31.0
bio10_16,false,117.96066950017756
bio12_16,false,686.8344071821733
bio15_16,false,33.23927827314897
moose2015,false,25.12568615133112
red_deer2015,false,8.159782599319112
roe_deer2015,false,2.446800655668432
