Predictor variable,Categorical,Sample average
Forest_Productivity,true,13.0
Forest_Type,true,31.0
bio10_16,false,119.19653528386897
bio12_16,false,676.2481178977273
bio15_16,false,33.379768926447085
moose2015,false,27.011792384494434
red_deer2015,false,7.920762308077379
roe_deer2015,false,2.56132849779996
