Predictor variable,Categorical,Sample average
Forest_Productivity,true,13.0
Forest_Type,true,31.0
bio10_16,false,118.78627069646662
bio12_16,false,677.8921519886363
bio15_16,false,33.32819432345303
moose2015,false,27.741258324276316
red_deer2015,false,7.103600136800246
roe_deer2015,false,2.8703995422883466
