Predictor variable,Categorical,Sample average
Forest_Productivity,true,13.0
Forest_Type,true,31.0
bio10_16,false,118.9644662312099
bio12_16,false,686.3005970546177
bio15_16,false,33.121534960610525
moose2015,false,26.00692559140069
red_deer2015,false,8.08284577620881
roe_deer2015,false,2.7949187446917807
