Predictor variable,Categorical,Sample average
Forest_Productivity,true,13.0
Forest_Type,true,31.0
bio10_16,false,146.57237243652344
bio12_16,false,877.3897094726562
bio15_16,false,27.85104866027832
moose2015,false,32.67425899505615
red_deer2015,false,10.519478511810302
roe_deer2015,false,31.224586486816406
