X,Y,Test or train,Raw prediction,Cumulative prediction,Logistic prediction
1.0,1.0,train,0.0010607637028762237,94.78976556158702,0.7188893064481027
3.0,3.0,train,3.654834215891154E-4,31.7843841715989,0.46840101717333316
4.0,4.0,train,7.724448496973969E-4,77.48303429148356,0.6506221560219198
5.0,5.0,train,0.001126409232920468,96.30754704286826,0.7308628363561455
2.0,2.0,test,6.520887418488265E-4,64.09851690395531,0.6112085463575505
6.0,6.0,test,1.7546466314795483E-4,15.94893945375701,0.2972666734721352
