X,Y,Test or train,Raw prediction,Cumulative prediction,Logistic prediction
2.0,2.0,train,4.4455111727494226E-4,46.54009080952093,0.5416158759579398
3.0,3.0,train,3.679391557732308E-4,38.02560652025591,0.49442574144346796
4.0,4.0,train,5.325652260083867E-4,59.04799590720083,0.5860087384486307
5.0,5.0,train,7.098741985645102E-4,79.4162061128838,0.6535934018749863
6.0,6.0,train,4.7318201982525206E-4,50.52617790898019,0.5570664044938067
1.0,1.0,test,6.588288011848E-4,74.74316839311906,0.6365099600885151
