Predictor variable,Categorical,Sample average
Forest_Productivity,true,13.0
Forest_Type,true,31.0
bio10_16,false,148.45012512207032
bio12_16,false,878.4929809570312
bio15_16,false,27.626777267456056
moose2015,false,30.189006996154784
red_deer2015,false,13.872283840179444
roe_deer2015,false,37.51387710571289
