Predictor variable,Categorical,Sample average
Forest_Productivity,true,13.0
Forest_Type,true,31.0
bio10_16,false,147.2755340576172
bio12_16,false,866.076513671875
bio15_16,false,27.702677917480468
moose2015,false,33.10663776397705
red_deer2015,false,12.567240619659424
roe_deer2015,false,35.41409454345703
