Predictor variable,Categorical,Sample average
Forest_Productivity,true,13.0
Forest_Type,true,31.0
bio10_16,false,148.33531951904297
bio12_16,false,782.0179290771484
bio15_16,false,26.742103099822998
moose2015,false,34.19480514526367
red_deer2015,false,16.62768578529358
roe_deer2015,false,41.14131259918213
