Predictor variable,Categorical,Sample average
Forest_Productivity,true,13.0
Forest_Type,true,31.0
bio10_16,false,116.10445195978338
bio12_16,false,675.4011507901279
bio15_16,false,31.838266603874438
moose2015,false,21.898132102055982
red_deer2015,false,8.053736022024443
roe_deer2015,false,3.67757709459825
