Predictor variable,Categorical,Sample average
Forest_Productivity,true,13.0
Forest_Type,true,31.0
bio10_16,false,116.68656458999172
bio12_16,false,666.5616871226918
bio15_16,false,31.986357428810813
moose2015,false,24.712856662995886
red_deer2015,false,7.450012329852942
roe_deer2015,false,3.567583680152893
