Predictor variable,Categorical,Sample average
Forest_Productivity,true,13.0
Forest_Type,true,31.0
bio10_16,false,115.21951055526733
bio12_16,false,672.5371694564819
bio15_16,false,32.012917041778564
moose2015,false,22.645854139700532
red_deer2015,false,7.9136977866292
roe_deer2015,false,2.9348856322467327
